variable,count,mean,std,min,25%,50%,75%,max,original
dummy1,1000.0,-0.000305626332513801,0.01038981038972181,-0.0328700937181452,-0.007377934238448275,-0.00036715359183705,0.006878448597183725,0.0309716782729694,0.0009093751370343
dummy2,1000.0,-0.00012131096316338302,0.010507917230347332,-0.0374551079674461,-0.0073613923505568,0.00018852655485085,0.00729981122794195,0.0307360711306472,-0.0022436765442037
x1,1000.0,0.14547157003330843,3.116767538297102,-8.46651989178346,-1.8747430949441484,0.06787664321600459,2.0681056181700495,28.20442905797819,28.20442905797819
x2,1000.0,-0.0940121283597016,8.100383559149224,-23.23794941074481,-5.249972475604925,-0.25713889406403334,5.031693121752347,75.05107809019827,75.05107809019827
x3,1000.0,0.14859339032385632,1.9144910266901969,-5.824063863017024,-1.081011762820319,0.13565340792658276,1.3030574019790717,17.754428582686153,17.754428582686153
